brand,model,repair_type,parts_cost,labour_cost,,,,,,
APPLE,IPHONE 8 / PLUS /SE2/SE3,DISPLAY,200,150,,,,,,
APPLE,IPHONE 8 / PLUS /SE2/SE4,BATERIE,100,150,,,,,,
APPLE,IPHONE 8 / PLUS /SE2/SE5,CARCASA,200,150,,,,,,
APPLE,IPHONE 8 / PLUS /SE2/SE6,MUFA DE INCARCARE,100,150,,,,,,
APPLE,IPHONE 8 / PLUS /SE2/SE7,DIFUZOR,100,150,,,,,,
APPLE,IPHONE X / XS,DISPLAY,300,200,,,,,,
APPLE,IPHONE X / XS,BATERIE,100,200,,,,,,
APPLE,IPHONE X / XS,CARCASA,250,200,,,,,,
APPLE,IPHONE X / XS,MUFA DE INCARCARE,100,200,,,,,,
APPLE,IPHONE X / XS,DIFUZOR,100,200,,,,,,
APPLE,IPHONE XS MAX,DISPLAY,400,200,,,,,,
APPLE,IPHONE XS MAX,BATERIE,100,200,,,,,,
APPLE,IPHONE XS MAX,CARCASA,250,200,,,,,,
APPLE,IPHONE XS MAX,MUFA DE INCARCARE,100,200,,,,,,
APPLE,IPHONE XS MAX,DIFUZOR,100,200,,,,,,
APPLE,IPHONE 11,DISPLAY,300,200,,,,,,
APPLE,IPHONE 11,BATERIE,100,200,,,,,,
APPLE,IPHONE 11,CARCASA,300,200,,,,,,
APPLE,IPHONE 11,MUFA DE INCARCARE,100,250,,,,,,
APPLE,IPHONE 11,DIFUZOR,100,250,,,,,,
APPLE,IPHONE 11 PRO,DISPLAY,400,200,,,,,,
APPLE,IPHONE 11 PRO,BATERIE,100,250,,,,,,
APPLE,IPHONE 11 PRO,CARCASA,250,250,,,,,,
APPLE,IPHONE 11 PRO,MUFA DE INCARCARE,100,250,,,,,,
APPLE,IPHONE 11 PRO,DIFUZOR,100,250,,,,,,
APPLE,IPHONE 11 PRO MAX,DISPLAY,450,200,,,,,,
APPLE,IPHONE 11 PRO MAX,BATERIE,100,250,,,,,,
APPLE,IPHONE 11 PRO MAX,CARCASA,250,250,,,,,,
APPLE,IPHONE 11 PRO MAX,MUFA DE INCARCARE,100,250,,,,,,
APPLE,IPHONE 11 PRO MAX,DIFUZOR,100,250,,,,,,
APPLE,IPHONE 12,DISPLAY,500,250,,,,,,
APPLE,IPHONE 12,BATERIE,400,250,,,,,,
APPLE,IPHONE 12,CARCASA,400,250,,,,,,
APPLE,IPHONE 12,MUFA DE INCARCARE,100,250,,,,,,
APPLE,IPHONE 12,DIFUZOR,100,250,,,,,,
APPLE,IPHONE 12 PRO,DISPLAY,500,250,,,,,,
APPLE,IPHONE 12 PRO,BATERIE,400,250,,,,,,
APPLE,IPHONE 12 PRO,CARCASA,400,250,,,,,,
APPLE,IPHONE 12 PRO,MUFA DE INCARCARE,100,250,,,,,,
APPLE,IPHONE 12 PRO,DIFUZOR,100,250,,,,,,
APPLE,IPHONE 12 PRO MAX,DISPLAY,700,250,,,,,,
APPLE,IPHONE 12 PRO MAX,BATERIE,400,250,,,,,,
APPLE,IPHONE 12 PRO MAX,CARCASA,500,250,,,,,,
APPLE,IPHONE 12 PRO MAX,MUFA DE INCARCARE,100,250,,,,,,
APPLE,IPHONE 12 PRO MAX,DIFUZOR,100,250,,,,,,
APPLE,IPHONE 13,DISPLAY,500,250,,,,,,
APPLE,IPHONE 13,BATERIE,400,250,,,,,,
APPLE,IPHONE 13,CARCASA,400,250,,,,,,
APPLE,IPHONE 13,MUFA DE INCARCARE,100,250,,,,,,
APPLE,IPHONE 13,DIFUZOR,100,250,,,,,,
APPLE,IPHONE 13 PRO,DISPLAY,700,250,,,,,,
APPLE,IPHONE 13 PRO,BATERIE,400,250,,,,,,
APPLE,IPHONE 13 PRO,CARCASA,500,250,,,,,,
APPLE,IPHONE 13 PRO,MUFA DE INCARCARE,100,250,,,,,,
APPLE,IPHONE 13 PRO,DIFUZOR,100,250,,,,,,
APPLE,IPHONE 13 PRO MAX,DISPLAY,1000,250,,,,,,
APPLE,IPHONE 13 PRO MAX,BATERIE,400,250,,,,,,
APPLE,IPHONE 13 PRO MAX,CARCASA,600,250,,,,,,
APPLE,IPHONE 13 PRO MAX,MUFA DE INCARCARE,100,250,,,,,,
APPLE,IPHONE 13 PRO MAX,DIFUZOR,100,250,,,,,,
APPLE,IPHONE 14,DISPLAY,600,250,,,,,,
APPLE,IPHONE 14,BATERIE,400,250,,,,,,
APPLE,IPHONE 14,CARCASA,500,250,,,,,,
APPLE,IPHONE 14,MUFA DE INCARCARE,100,250,,,,,,
APPLE,IPHONE 14,DIFUZOR,100,250,,,,,,
APPLE,IPHONE 14 PLUS,DISPLAY,700,250,,,,,,
APPLE,IPHONE 14 PLUS,BATERIE,400,250,,,,,,
APPLE,IPHONE 14 PLUS,CARCASA,500,250,,,,,,
APPLE,IPHONE 14 PLUS,MUFA DE INCARCARE,100,250,,,,,,
APPLE,IPHONE 14 PLUS,DIFUZOR,100,250,,,,,,
APPLE,IPHONE 14 PRO,DISPLAY,900,250,,,,,,
APPLE,IPHONE 14 PRO,BATERIE,400,250,,,,,,
APPLE,IPHONE 14 PRO,CARCASA,600,250,,,,,,
APPLE,IPHONE 14 PRO,MUFA DE INCARCARE,100,250,,,,,,
APPLE,IPHONE 14 PRO,DIFUZOR,100,250,,,,,,
APPLE,IPHONE 14 PRO MAX,DISPLAY,1500,250,,,,,,
APPLE,IPHONE 14 PRO MAX,BATERIE,400,450,,,,,,
APPLE,IPHONE 14 PRO MAX,CARCASA,700,250,,,,,,
APPLE,IPHONE 14 PRO MAX,MUFA DE INCARCARE,100,250,,,,,,
APPLE,IPHONE 14 PRO MAX,DIFUZOR,100,250,,,,,,
APPLE,IPHONE 15,DISPLAY,1000,350,,,,,,
APPLE,IPHONE 15,BATERIE,400,350,,,,,,
APPLE,IPHONE 15,CARCASA,500,350,,,,,,
APPLE,IPHONE 15,MUFA DE INCARCARE,100,350,,,,,,
APPLE,IPHONE 15,DIFUZOR,100,350,,,,,,
APPLE,IPHONE 15 PLUS,DISPLAY,1100,350,,,,,,
APPLE,IPHONE 15 PLUS,BATERIE,400,350,,,,,,
APPLE,IPHONE 15 PLUS,CARCASA,500,350,,,,,,
APPLE,IPHONE 15 PLUS,MUFA DE INCARCARE,100,350,,,,,,
APPLE,IPHONE 15 PLUS,DIFUZOR,100,350,,,,,,
APPLE,IPHONE 15 PRO,DISPLAY,1500,350,,,,,,
APPLE,IPHONE 15 PRO,BATERIE,400,350,,,,,,
APPLE,IPHONE 15 PRO,CARCASA,600,350,,,,,,
APPLE,IPHONE 15 PRO,MUFA DE INCARCARE,100,350,,,,,,
APPLE,IPHONE 15 PRO,DIFUZOR,100,350,,,,,,
APPLE,IPHONE 15 PRO MAX,DISPLAY,1800,350,,,,,,
APPLE,IPHONE 15 PRO MAX,BATERIE,400,350,,,,,,
APPLE,IPHONE 15 PRO MAX,CARCASA,700,350,,,,,,
APPLE,IPHONE 15 PRO MAX,MUFA DE INCARCARE,100,350,,,,,,
APPLE,IPHONE 15 PRO MAX,DIFUZOR,100,350,,,,,,
APPLE,IPHONE 16,DISPLAY,1300,350,,,,,,
APPLE,IPHONE 16,BATERIE,400,350,,,,,,
APPLE,IPHONE 16,CARCASA,600,350,,,,,,
APPLE,IPHONE 16,MUFA DE INCARCARE,100,350,,,,,,
APPLE,IPHONE 16,DIFUZOR,100,350,,,,,,
APPLE,IPHONE 16 PLUS,DISPLAY,1500,350,,,,,,
APPLE,IPHONE 16 PLUS,BATERIE,400,350,,,,,,
APPLE,IPHONE 16 PLUS,CARCASA,700,350,,,,,,
APPLE,IPHONE 16 PLUS,MUFA DE INCARCARE,100,350,,,,,,
APPLE,IPHONE 16 PLUS,DIFUZOR,100,350,,,,,,
APPLE,IPHONE 16 PRO,DISPLAY,1900,350,,,,,,
APPLE,IPHONE 16 PRO,BATERIE,400,350,,,,,,
APPLE,IPHONE 16 PRO,CARCASA,700,350,,,,,,
APPLE,IPHONE 16 PRO,MUFA DE INCARCARE,100,350,,,,,,
APPLE,IPHONE 16 PRO,DIFUZOR,100,350,,,,,,
APPLE,IPHONE 16 PRO MAX,DISPLAY,2200,350,,,,,,
APPLE,IPHONE 16 PRO MAX,BATERIE,400,350,,,,,,
APPLE,IPHONE 16 PRO MAX,CARCASA,900,350,,,,,,
APPLE,IPHONE 16 PRO MAX,MUFA DE INCARCARE,100,350,,,,,,
APPLE,IPHONE 16 PRO MAX,DIFUZOR,100,350,,,,,,
APPLE,IPHONE 17,DISPLAY,1600,350,,,,,,
APPLE,IPHONE 17,BATERIE,400,350,,,,,,
APPLE,IPHONE 17,CARCASA,500,350,,,,,,
APPLE,IPHONE 17,MUFA DE INCARCARE,100,350,,,,,,
APPLE,IPHONE 17,DIFUZOR,100,350,,,,,,
APPLE,IPHONE 17 AIR,DISPLAY,2100,350,,,,,,
APPLE,IPHONE 17 AIR,BATERIE,400,350,,,,,,
APPLE,IPHONE 17 AIR,CARCASA,900,350,,,,,,
APPLE,IPHONE 17 AIR,MUFA DE INCARCARE,100,350,,,,,,
APPLE,IPHONE 17 AIR,DIFUZOR,100,350,,,,,,
APPLE,IPHONE 17 PRO,DISPLAY,2100,350,,,,,,
APPLE,IPHONE 17 PRO,BATERIE,400,350,,,,,,
APPLE,IPHONE 17 PRO,CARCASA,1000,350,,,,,,
APPLE,IPHONE 17 PRO,MUFA DE INCARCARE,100,350,,,,,,
APPLE,IPHONE 17 PRO,DIFUZOR,100,350,,,,,,
APPLE,IPHONE 17 PRO MAX,DISPLAY,2600,350,,,,,,
APPLE,IPHONE 17 PRO MAX,BATERIE,400,350,,,,,,
APPLE,IPHONE 17 PRO MAX,CARCASA,1100,350,,,,,,
APPLE,IPHONE 17 PRO MAX,MUFA DE INCARCARE,100,350,,,,,,
APPLE,IPHONE 17 PRO MAX,DIFUZOR,100,350,,,,,,
SAMSUNG,SAMSUNG GALAXY S10,DISPLAY,800,250,,,,,,
SAMSUNG,SAMSUNG GALAXY S10,BATERIE,100,250,,,,,,
SAMSUNG,SAMSUNG GALAXY S10,CARCASA,200,100,,,,,,
SAMSUNG,SAMSUNG GALAXY S10,MUFA DE INCARCARE,50,250,,,,,,
SAMSUNG,SAMSUNG GALAXY S10,DIFUZOR,80,250,,,,,,
SAMSUNG,SAMSUNG GALAXY S10 PLUS,DISPLAY,900,250,,,,,,
SAMSUNG,SAMSUNG GALAXY S10 PLUS,BATERIE,100,250,,,,,,
SAMSUNG,SAMSUNG GALAXY S10 PLUS,CARCASA,200,100,,,,,,
SAMSUNG,SAMSUNG GALAXY S10 PLUS,MUFA DE INCARCARE,50,250,,,,,,
SAMSUNG,SAMSUNG GALAXY S10 PLUS,DIFUZOR,50,250,,,,,,
SAMSUNG,SAMSUNG GALAXY S20,DISPLAY,900,250,,,,,,
SAMSUNG,SAMSUNG GALAXY S20,BATERIE,100,250,,,,,,
SAMSUNG,SAMSUNG GALAXY S20,CARCASA,200,100,,,,,,
SAMSUNG,SAMSUNG GALAXY S20,MUFA DE INCARCARE,50,250,,,,,,
SAMSUNG,SAMSUNG GALAXY S20,DIFUZOR,50,250,,,,,,
SAMSUNG,SAMSUNG GALAXY S20 PLUS,DISPLAY,900,250,,,,,,
SAMSUNG,SAMSUNG GALAXY S20 PLUS,BATERIE,100,250,,,,,,
SAMSUNG,SAMSUNG GALAXY S20 PLUS,CARCASA,200,100,,,,,,
SAMSUNG,SAMSUNG GALAXY S20 PLUS,MUFA DE INCARCARE,50,250,,,,,,
SAMSUNG,SAMSUNG GALAXY S20 PLUS,DIFUZOR,50,250,,,,,,
SAMSUNG,SAMSUNG GALAXY S20 ULTRA,DISPLAY,1000,250,,,,,,
SAMSUNG,SAMSUNG GALAXY S20 ULTRA,BATERIE,100,250,,,,,,
SAMSUNG,SAMSUNG GALAXY S20 ULTRA,CARCASA,200,100,,,,,,
SAMSUNG,SAMSUNG GALAXY S20 ULTRA,MUFA DE INCARCARE,50,250,,,,,,
SAMSUNG,SAMSUNG GALAXY S20 ULTRA,DIFUZOR,50,250,,,,,,
SAMSUNG,SAMSUNG GALAXY S21,DISPLAY,700,250,,,,,,
SAMSUNG,SAMSUNG GALAXY S21,BATERIE,100,250,,,,,,
SAMSUNG,SAMSUNG GALAXY S21,CARCASA,200,100,,,,,,
SAMSUNG,SAMSUNG GALAXY S21,MUFA DE INCARCARE,50,250,,,,,,
SAMSUNG,SAMSUNG GALAXY S21,DIFUZOR,50,250,,,,,,
SAMSUNG,SAMSUNG GALAXY S21 PLUS,DISPLAY,800,250,,,,,,
SAMSUNG,SAMSUNG GALAXY S21 PLUS,BATERIE,100,250,,,,,,
SAMSUNG,SAMSUNG GALAXY S21 PLUS,CARCASA,200,100,,,,,,
SAMSUNG,SAMSUNG GALAXY S21 PLUS,MUFA DE INCARCARE,50,250,,,,,,
SAMSUNG,SAMSUNG GALAXY S21 PLUS,DIFUZOR,50,250,,,,,,
SAMSUNG,SAMSUNG GALAXY S21 ULTRA,DISPLAY,1150,250,,,,,,
SAMSUNG,SAMSUNG GALAXY S21 ULTRA,BATERIE,100,250,,,,,,
SAMSUNG,SAMSUNG GALAXY S21 ULTRA,CARCASA,200,100,,,,,,
SAMSUNG,SAMSUNG GALAXY S21 ULTRA,MUFA DE INCARCARE,50,250,,,,,,
SAMSUNG,SAMSUNG GALAXY S21 ULTRA,DIFUZOR,50,250,,,,,,
SAMSUNG,SAMSUNG GALAXY S22,DISPLAY,750,250,,,,,,
SAMSUNG,SAMSUNG GALAXY S22,BATERIE,200,250,,,,,,
SAMSUNG,SAMSUNG GALAXY S22,CARCASA,200,100,,,,,,
SAMSUNG,SAMSUNG GALAXY S22,MUFA DE INCARCARE,50,250,,,,,,
SAMSUNG,SAMSUNG GALAXY S22,DIFUZOR,50,250,,,,,,
SAMSUNG,SAMSUNG GALAXY S22 PLUS,DISPLAY,700,250,,,,,,
SAMSUNG,SAMSUNG GALAXY S22 PLUS,BATERIE,200,250,,,,,,
SAMSUNG,SAMSUNG GALAXY S22 PLUS,CARCASA,200,100,,,,,,
SAMSUNG,SAMSUNG GALAXY S22 PLUS,MUFA DE INCARCARE,50,250,,,,,,
SAMSUNG,SAMSUNG GALAXY S22 PLUS,DIFUZOR,50,250,,,,,,
SAMSUNG,SAMSUNG GALAXY S22 ULTRA,DISPLAY,1150,250,,,,,,
SAMSUNG,SAMSUNG GALAXY S22 ULTRA,BATERIE,200,250,,,,,,
SAMSUNG,SAMSUNG GALAXY S22 ULTRA,CARCASA,200,100,,,,,,
SAMSUNG,SAMSUNG GALAXY S22 ULTRA,MUFA DE INCARCARE,100,250,,,,,,
SAMSUNG,SAMSUNG GALAXY S22 ULTRA,DIFUZOR,100,250,,,,,,
SAMSUNG,SAMSUNG GALAXY S23,DISPLAY,700,250,,,,,,
SAMSUNG,SAMSUNG GALAXY S23,BATERIE,100,250,,,,,,
SAMSUNG,SAMSUNG GALAXY S23,CARCASA,200,100,,,,,,
SAMSUNG,SAMSUNG GALAXY S23,MUFA DE INCARCARE,50,250,,,,,,
SAMSUNG,SAMSUNG GALAXY S23,DIFUZOR,50,250,,,,,,
SAMSUNG,SAMSUNG GALAXY S23 PLUS,DISPLAY,800,250,,,,,,
SAMSUNG,SAMSUNG GALAXY S23 PLUS,BATERIE,100,250,,,,,,
SAMSUNG,SAMSUNG GALAXY S23 PLUS,CARCASA,300,100,,,,,,
SAMSUNG,SAMSUNG GALAXY S23 PLUS,MUFA DE INCARCARE,50,250,,,,,,
SAMSUNG,SAMSUNG GALAXY S23 PLUS,DIFUZOR,50,250,,,,,,
SAMSUNG,SAMSUNG GALAXY S23 ULTRA,DISPLAY,1150,250,,,,,,
SAMSUNG,SAMSUNG GALAXY S23 ULTRA,BATERIE,200,250,,,,,,
SAMSUNG,SAMSUNG GALAXY S23 ULTRA,CARCASA,300,100,,,,,,
SAMSUNG,SAMSUNG GALAXY S23 ULTRA,MUFA DE INCARCARE,100,250,,,,,,
SAMSUNG,SAMSUNG GALAXY S23 ULTRA,DIFUZOR,100,250,,,,,,
SAMSUNG,SAMSUNG GALAXY S24,DISPLAY,800,250,,,,,,
SAMSUNG,SAMSUNG GALAXY S24,BATERIE,200,250,,,,,,
SAMSUNG,SAMSUNG GALAXY S24,CARCASA,300,100,,,,,,
SAMSUNG,SAMSUNG GALAXY S24,MUFA DE INCARCARE,100,250,,,,,,
SAMSUNG,SAMSUNG GALAXY S24,DIFUZOR,100,250,,,,,,
SAMSUNG,SAMSUNG GALAXY S24 PLUS,DISPLAY,900,250,,,,,,
SAMSUNG,SAMSUNG GALAXY S24 PLUS,BATERIE,200,250,,,,,,
SAMSUNG,SAMSUNG GALAXY S24 PLUS,CARCASA,300,100,,,,,,
SAMSUNG,SAMSUNG GALAXY S24 PLUS,MUFA DE INCARCARE,100,250,,,,,,
SAMSUNG,SAMSUNG GALAXY S24 PLUS,DIFUZOR,100,250,,,,,,
SAMSUNG,SAMSUNG GALAXY S24 ULTRA,DISPLAY,1350,250,,,,,,
SAMSUNG,SAMSUNG GALAXY S24 ULTRA,BATERIE,200,250,,,,,,
SAMSUNG,SAMSUNG GALAXY S24 ULTRA,CARCASA,300,100,,,,,,
SAMSUNG,SAMSUNG GALAXY S24 ULTRA,MUFA DE INCARCARE,100,250,,,,,,
SAMSUNG,SAMSUNG GALAXY S24 ULTRA,DIFUZOR,100,250,,,,,,
SAMSUNG,SAMSUNG GALAXY S25,DISPLAY,900,250,,,,,,
SAMSUNG,SAMSUNG GALAXY S25,BATERIE,250,250,,,,,,
SAMSUNG,SAMSUNG GALAXY S25,CARCASA,200,100,,,,,,
SAMSUNG,SAMSUNG GALAXY S25,MUFA DE INCARCARE,150,250,,,,,,
SAMSUNG,SAMSUNG GALAXY S25,DIFUZOR,150,250,,,,,,
SAMSUNG,SAMSUNG GALAXY S25 PLUS,DISPLAY,1000,250,,,,,,
SAMSUNG,SAMSUNG GALAXY S25 PLUS,BATERIE,250,250,,,,,,
SAMSUNG,SAMSUNG GALAXY S25 PLUS,CARCASA,200,100,,,,,,
SAMSUNG,SAMSUNG GALAXY S25 PLUS,MUFA DE INCARCARE,150,250,,,,,,
SAMSUNG,SAMSUNG GALAXY S25 PLUS,DIFUZOR,150,250,,,,,,
SAMSUNG,SAMSUNG GALAXY S25 ULTRA,DISPLAY,1350,250,,,,,,
SAMSUNG,SAMSUNG GALAXY S25 ULTRA,BATERIE,250,250,,,,,,
SAMSUNG,SAMSUNG GALAXY S25 ULTRA,CARCASA,300,100,,,,,,
SAMSUNG,SAMSUNG GALAXY S25 ULTRA,MUFA DE INCARCARE,150,250,,,,,,
SAMSUNG,SAMSUNG GALAXY S25 ULTRA,DIFUZOR,150,250,,,,,,
SAMSUNG,SAMSUNG GALAXY A10,DISPLAY,90,200,,,,,,
SAMSUNG,SAMSUNG GALAXY A10,BATERIE,150,150,,,,,,
SAMSUNG,SAMSUNG GALAXY A10,CARCASA,50,100,,,,,,
SAMSUNG,SAMSUNG GALAXY A10,MUFA DE INCARCARE,50,150,,,,,,
SAMSUNG,SAMSUNG GALAXY A10,DIFUZOR,50,150,,,,,,
SAMSUNG,SAMSUNG GALAXY A11,DISPLAY,110,200,,,,,,
SAMSUNG,SAMSUNG GALAXY A11,BATERIE,150,150,,,,,,
SAMSUNG,SAMSUNG GALAXY A11,CARCASA,50,100,,,,,,
SAMSUNG,SAMSUNG GALAXY A11,MUFA DE INCARCARE,50,150,,,,,,
SAMSUNG,SAMSUNG GALAXY A11,DIFUZOR,50,150,,,,,,
SAMSUNG,SAMSUNG GALAXY A12,DISPLAY,95,200,,,,,,
SAMSUNG,SAMSUNG GALAXY A12,BATERIE,150,150,,,,,,
SAMSUNG,SAMSUNG GALAXY A12,CARCASA,50,100,,,,,,
SAMSUNG,SAMSUNG GALAXY A12,MUFA DE INCARCARE,50,150,,,,,,
SAMSUNG,SAMSUNG GALAXY A12,DIFUZOR,50,150,,,,,,
SAMSUNG,SAMSUNG GALAXY A13,DISPLAY,90,200,,,,,,
SAMSUNG,SAMSUNG GALAXY A13,BATERIE,150,150,,,,,,
SAMSUNG,SAMSUNG GALAXY A13,CARCASA,50,100,,,,,,
SAMSUNG,SAMSUNG GALAXY A13,MUFA DE INCARCARE,50,150,,,,,,
SAMSUNG,SAMSUNG GALAXY A13,DIFUZOR,50,150,,,,,,
SAMSUNG,SAMSUNG GALAXY A14,DISPLAY,110,350,,,,,,
SAMSUNG,SAMSUNG GALAXY A14,BATERIE,150,350,,,,,,
SAMSUNG,SAMSUNG GALAXY A14,CARCASA,200,350,,,,,,
SAMSUNG,SAMSUNG GALAXY A14,MUFA DE INCARCARE,80,350,,,,,,
SAMSUNG,SAMSUNG GALAXY A14,DIFUZOR,80,350,,,,,,
SAMSUNG,SAMSUNG GALAXY A15,DISPLAY,230,200,,,,,,
SAMSUNG,SAMSUNG GALAXY A15,BATERIE,150,150,,,,,,
SAMSUNG,SAMSUNG GALAXY A15,CARCASA,50,100,,,,,,
SAMSUNG,SAMSUNG GALAXY A15,MUFA DE INCARCARE,50,150,,,,,,
SAMSUNG,SAMSUNG GALAXY A15,DIFUZOR,50,150,,,,,,
SAMSUNG,SAMSUNG GALAXY A16,DISPLAY,250,200,,,,,,
SAMSUNG,SAMSUNG GALAXY A16,BATERIE,150,150,,,,,,
SAMSUNG,SAMSUNG GALAXY A16,CARCASA,50,100,,,,,,
SAMSUNG,SAMSUNG GALAXY A16,MUFA DE INCARCARE,50,150,,,,,,
SAMSUNG,SAMSUNG GALAXY A16,DIFUZOR,50,150,,,,,,
SAMSUNG,SAMSUNG GALAXY A17,DISPLAY,230,200,,,,,,
SAMSUNG,SAMSUNG GALAXY A17,BATERIE,150,150,,,,,,
SAMSUNG,SAMSUNG GALAXY A17,CARCASA,50,100,,,,,,
SAMSUNG,SAMSUNG GALAXY A17,MUFA DE INCARCARE,50,150,,,,,,
SAMSUNG,SAMSUNG GALAXY A17,DIFUZOR,50,150,,,,,,
SAMSUNG,SAMSUNG GALAXY A20e,DISPLAY,100,200,,,,,,
SAMSUNG,SAMSUNG GALAXY A20e,BATERIE,120,150,,,,,,
SAMSUNG,SAMSUNG GALAXY A20e,CARCASA,50,100,,,,,,
SAMSUNG,SAMSUNG GALAXY A20e,MUFA DE INCARCARE,70,150,,,,,,
SAMSUNG,SAMSUNG GALAXY A20e,DIFUZOR,50,150,,,,,,
SAMSUNG,SAMSUNG GALAXY A21s,DISPLAY,100,200,,,,,,
SAMSUNG,SAMSUNG GALAXY A21s,BATERIE,150,150,,,,,,
SAMSUNG,SAMSUNG GALAXY A21s,CARCASA,50,100,,,,,,
SAMSUNG,SAMSUNG GALAXY A21s,MUFA DE INCARCARE,50,150,,,,,,
SAMSUNG,SAMSUNG GALAXY A21s,DIFUZOR,50,150,,,,,,
SAMSUNG,SAMSUNG GALAXY A22 5g,DISPLAY,100,200,,,,,,
SAMSUNG,SAMSUNG GALAXY A22 5g,BATERIE,150,150,,,,,,
SAMSUNG,SAMSUNG GALAXY A22 5g,CARCASA,50,100,,,,,,
SAMSUNG,SAMSUNG GALAXY A22 5g,MUFA DE INCARCARE,50,150,,,,,,
SAMSUNG,SAMSUNG GALAXY A22 5g,DIFUZOR,50,150,,,,,,
SAMSUNG,SAMSUNG GALAXY A23,DISPLAY,110,200,,,,,,
SAMSUNG,SAMSUNG GALAXY A23,BATERIE,150,150,,,,,,
SAMSUNG,SAMSUNG GALAXY A23,CARCASA,50,100,,,,,,
SAMSUNG,SAMSUNG GALAXY A23,MUFA DE INCARCARE,50,150,,,,,,
SAMSUNG,SAMSUNG GALAXY A23,DIFUZOR,50,150,,,,,,
SAMSUNG,SAMSUNG GALAXY A24,DISPLAY,260,200,,,,,,
SAMSUNG,SAMSUNG GALAXY A24,BATERIE,150,150,,,,,,
SAMSUNG,SAMSUNG GALAXY A24,CARCASA,50,100,,,,,,
SAMSUNG,SAMSUNG GALAXY A24,MUFA DE INCARCARE,50,150,,,,,,
SAMSUNG,SAMSUNG GALAXY A24,DIFUZOR,50,150,,,,,,
SAMSUNG,SAMSUNG GALAXY A25,DISPLAY,260,200,,,,,,
SAMSUNG,SAMSUNG GALAXY A25,BATERIE,150,150,,,,,,
SAMSUNG,SAMSUNG GALAXY A25,CARCASA,50,100,,,,,,
SAMSUNG,SAMSUNG GALAXY A25,MUFA DE INCARCARE,50,150,,,,,,
SAMSUNG,SAMSUNG GALAXY A25,DIFUZOR,50,150,,,,,,
SAMSUNG,SAMSUNG GALAXY A26,DISPLAY,320,200,,,,,,
SAMSUNG,SAMSUNG GALAXY A26,BATERIE,150,150,,,,,,
SAMSUNG,SAMSUNG GALAXY A26,CARCASA,50,100,,,,,,
SAMSUNG,SAMSUNG GALAXY A26,MUFA DE INCARCARE,50,150,,,,,,
SAMSUNG,SAMSUNG GALAXY A26,DIFUZOR,50,150,,,,,,
SAMSUNG,SAMSUNG GALAXY A27,DISPLAY,,,,,,,,
SAMSUNG,SAMSUNG GALAXY A27,BATERIE,,,,,,,,
SAMSUNG,SAMSUNG GALAXY A27,CARCASA,,,,,,,,
SAMSUNG,SAMSUNG GALAXY A27,MUFA DE INCARCARE,,,,,,,,
SAMSUNG,SAMSUNG GALAXY A27,DIFUZOR,,,,,,,,
SAMSUNG,SAMSUNG GALAXY A30,DISPLAY,350,200,,,,,,
SAMSUNG,SAMSUNG GALAXY A30,BATERIE,150,150,,,,,,
SAMSUNG,SAMSUNG GALAXY A30,CARCASA,50,100,,,,,,
SAMSUNG,SAMSUNG GALAXY A30,MUFA DE INCARCARE,50,150,,,,,,
SAMSUNG,SAMSUNG GALAXY A30,DIFUZOR,50,150,,,,,,
SAMSUNG,SAMSUNG GALAXY A31,DISPLAY,300,200,,,,,,
SAMSUNG,SAMSUNG GALAXY A31,BATERIE,150,150,,,,,,
SAMSUNG,SAMSUNG GALAXY A31,CARCASA,50,100,,,,,,
SAMSUNG,SAMSUNG GALAXY A31,MUFA DE INCARCARE,50,150,,,,,,
SAMSUNG,SAMSUNG GALAXY A31,DIFUZOR,50,150,,,,,,
SAMSUNG,SAMSUNG GALAXY A32,DISPLAY,300,200,,,,,,
SAMSUNG,SAMSUNG GALAXY A32,BATERIE,150,150,,,,,,
SAMSUNG,SAMSUNG GALAXY A32,CARCASA,50,100,,,,,,
SAMSUNG,SAMSUNG GALAXY A32,MUFA DE INCARCARE,50,150,,,,,,
SAMSUNG,SAMSUNG GALAXY A32,DIFUZOR,50,150,,,,,,
SAMSUNG,SAMSUNG GALAXY A33,DISPLAY,340,200,,,,,,
SAMSUNG,SAMSUNG GALAXY A33,BATERIE,150,150,,,,,,
SAMSUNG,SAMSUNG GALAXY A33,CARCASA,50,100,,,,,,
SAMSUNG,SAMSUNG GALAXY A33,MUFA DE INCARCARE,50,150,,,,,,
SAMSUNG,SAMSUNG GALAXY A33,DIFUZOR,50,150,,,,,,
SAMSUNG,SAMSUNG GALAXY A34,DISPLAY,350,200,,,,,,
SAMSUNG,SAMSUNG GALAXY A34,BATERIE,150,150,,,,,,
SAMSUNG,SAMSUNG GALAXY A34,CARCASA,50,100,,,,,,
SAMSUNG,SAMSUNG GALAXY A34,MUFA DE INCARCARE,50,150,,,,,,
SAMSUNG,SAMSUNG GALAXY A34,DIFUZOR,50,150,,,,,,
SAMSUNG,SAMSUNG GALAXY A35,DISPLAY,370,200,,,,,,
SAMSUNG,SAMSUNG GALAXY A35,BATERIE,150,150,,,,,,
SAMSUNG,SAMSUNG GALAXY A35,CARCASA,50,100,,,,,,
SAMSUNG,SAMSUNG GALAXY A35,MUFA DE INCARCARE,50,150,,,,,,
SAMSUNG,SAMSUNG GALAXY A35,DIFUZOR,50,150,,,,,,
SAMSUNG,SAMSUNG GALAXY A36,DISPLAY,430,200,,,,,,
SAMSUNG,SAMSUNG GALAXY A36,BATERIE,150,150,,,,,,
SAMSUNG,SAMSUNG GALAXY A36,CARCASA,50,100,,,,,,
SAMSUNG,SAMSUNG GALAXY A36,MUFA DE INCARCARE,50,150,,,,,,
SAMSUNG,SAMSUNG GALAXY A36,DIFUZOR,50,150,,,,,,
SAMSUNG,SAMSUNG GALAXY A37,DISPLAY,,,,,,,,
SAMSUNG,SAMSUNG GALAXY A37,BATERIE,,,,,,,,
SAMSUNG,SAMSUNG GALAXY A37,CARCASA,,,,,,,,
SAMSUNG,SAMSUNG GALAXY A37,MUFA DE INCARCARE,,,,,,,,
SAMSUNG,SAMSUNG GALAXY A37,DIFUZOR,,,,,,,,
SAMSUNG,SAMSUNG GALAXY A50,DISPLAY,260,200,,,,,,
SAMSUNG,SAMSUNG GALAXY A50,BATERIE,150,150,,,,,,
SAMSUNG,SAMSUNG GALAXY A50,CARCASA,50,100,,,,,,
SAMSUNG,SAMSUNG GALAXY A50,MUFA DE INCARCARE,50,150,,,,,,
SAMSUNG,SAMSUNG GALAXY A50,DIFUZOR,50,150,,,,,,
SAMSUNG,SAMSUNG GALAXY A51,DISPLAY,380,200,,,,,,
SAMSUNG,SAMSUNG GALAXY A51,BATERIE,150,150,,,,,,
SAMSUNG,SAMSUNG GALAXY A51,CARCASA,50,100,,,,,,
SAMSUNG,SAMSUNG GALAXY A51,MUFA DE INCARCARE,50,150,,,,,,
SAMSUNG,SAMSUNG GALAXY A51,DIFUZOR,50,150,,,,,,
SAMSUNG,SAMSUNG GALAXY A52,DISPLAY,370,200,,,,,,
SAMSUNG,SAMSUNG GALAXY A52,BATERIE,150,150,,,,,,
SAMSUNG,SAMSUNG GALAXY A52,CARCASA,50,100,,,,,,
SAMSUNG,SAMSUNG GALAXY A52,MUFA DE INCARCARE,50,150,,,,,,
SAMSUNG,SAMSUNG GALAXY A52,DIFUZOR,50,150,,,,,,
SAMSUNG,SAMSUNG GALAXY A53,DISPLAY,450,200,,,,,,
SAMSUNG,SAMSUNG GALAXY A53,BATERIE,150,150,,,,,,
SAMSUNG,SAMSUNG GALAXY A53,CARCASA,50,100,,,,,,
SAMSUNG,SAMSUNG GALAXY A53,MUFA DE INCARCARE,50,150,,,,,,
SAMSUNG,SAMSUNG GALAXY A53,DIFUZOR,50,150,,,,,,
SAMSUNG,SAMSUNG GALAXY A54,DISPLAY,250,350,,,,,,
SAMSUNG,SAMSUNG GALAXY A54,BATERIE,150,350,,,,,,
SAMSUNG,SAMSUNG GALAXY A54,CARCASA,200,350,,,,,,
SAMSUNG,SAMSUNG GALAXY A54,MUFA DE INCARCARE,80,350,,,,,,
SAMSUNG,SAMSUNG GALAXY A54,DIFUZOR,80,350,,,,,,
SAMSUNG,SAMSUNG GALAXY A55,DISPLAY,400,200,,,,,,
SAMSUNG,SAMSUNG GALAXY A55,BATERIE,150,150,,,,,,
SAMSUNG,SAMSUNG GALAXY A55,CARCASA,50,100,,,,,,
SAMSUNG,SAMSUNG GALAXY A55,MUFA DE INCARCARE,50,150,,,,,,
SAMSUNG,SAMSUNG GALAXY A55,DIFUZOR,50,150,,,,,,
SAMSUNG,SAMSUNG GALAXY A56,DISPLAY,450,200,,,,,,
SAMSUNG,SAMSUNG GALAXY A56,BATERIE,150,150,,,,,,
SAMSUNG,SAMSUNG GALAXY A56,CARCASA,50,100,,,,,,
SAMSUNG,SAMSUNG GALAXY A56,MUFA DE INCARCARE,50,150,,,,,,
SAMSUNG,SAMSUNG GALAXY A56,DIFUZOR,50,150,,,,,,
SAMSUNG,SAMSUNG GALAXY A57,DISPLAY,,,,,,,,
SAMSUNG,SAMSUNG GALAXY A57,BATERIE,,,,,,,,
SAMSUNG,SAMSUNG GALAXY A57,CARCASA,,,,,,,,
SAMSUNG,SAMSUNG GALAXY A57,MUFA DE INCARCARE,,,,,,,,
SAMSUNG,SAMSUNG GALAXY A57,DIFUZOR,,,,,,,,
SAMSUNG,SAMSUNG GALAXY A04,DISPLAY,90,200,,,,,,
SAMSUNG,SAMSUNG GALAXY A04,BATERIE,150,150,,,,,,
SAMSUNG,SAMSUNG GALAXY A04,CARCASA,50,100,,,,,,
SAMSUNG,SAMSUNG GALAXY A04,MUFA DE INCARCARE,50,150,,,,,,
SAMSUNG,SAMSUNG GALAXY A04,DIFUZOR,50,150,,,,,,
,,,,,,,,,,
SAMSUNG,SAMSUNG GALAXY A04s,DISPLAY,90,200,,,,,,
SAMSUNG,SAMSUNG GALAXY A04s,BATERIE,150,150,,,,,,
SAMSUNG,SAMSUNG GALAXY A04s,CARCASA,50,100,,,,,,
SAMSUNG,SAMSUNG GALAXY A04s,MUFA DE INCARCARE,50,150,,,,,,
SAMSUNG,SAMSUNG GALAXY A04s,DIFUZOR,50,150,,,,,,
,,,,,,,,,,
SAMSUNG,SAMSUNG GALAXY A05,DISPLAY,100,200,,,,,,
SAMSUNG,SAMSUNG GALAXY A05,BATERIE,150,150,,,,,,
SAMSUNG,SAMSUNG GALAXY A05,CARCASA,50,100,,,,,,
SAMSUNG,SAMSUNG GALAXY A05,MUFA DE INCARCARE,50,150,,,,,,
SAMSUNG,SAMSUNG GALAXY A05,DIFUZOR,50,150,,,,,,
,,,,,,,,,,
SAMSUNG,SAMSUNG GALAXY A05s,DISPLAY,120,200,,,,,,
SAMSUNG,SAMSUNG GALAXY A05s,BATERIE,150,150,,,,,,
SAMSUNG,SAMSUNG GALAXY A05s,CARCASA,50,100,,,,,,
SAMSUNG,SAMSUNG GALAXY A05s,MUFA DE INCARCARE,50,150,,,,,,
SAMSUNG,SAMSUNG GALAXY A05s,DIFUZOR,50,150,,,,,,
,,,,,,,,,,
SAMSUNG,SAMSUNG GALAXY A06,DISPLAY,200,200,,,,,,
SAMSUNG,SAMSUNG GALAXY A06,BATERIE,150,150,,,,,,
SAMSUNG,SAMSUNG GALAXY A06,CARCASA,50,100,,,,,,
SAMSUNG,SAMSUNG GALAXY A06,MUFA DE INCARCARE,50,150,,,,,,
SAMSUNG,SAMSUNG GALAXY A06,DIFUZOR,50,150,,,,,,
,,,,,,,,,,
SAMSUNG,SAMSUNG GALAXY A20s,DISPLAY,100,200,,,,,,
SAMSUNG,SAMSUNG GALAXY A20s,BATERIE,150,150,,,,,,
SAMSUNG,SAMSUNG GALAXY A20s,CARCASA,50,100,,,,,,
SAMSUNG,SAMSUNG GALAXY A20s,MUFA DE INCARCARE,50,150,,,,,,
SAMSUNG,SAMSUNG GALAXY A20s,DIFUZOR,50,150,,,,,,
,,,,,,,,,,
SAMSUNG,SAMSUNG GALAXY A52s,DISPLAY,380,200,,,,,,
SAMSUNG,SAMSUNG GALAXY A52s,BATERIE,150,150,,,,,,
SAMSUNG,SAMSUNG GALAXY A52s,CARCASA,50,100,,,,,,
SAMSUNG,SAMSUNG GALAXY A52s,MUFA DE INCARCARE,50,150,,,,,,
SAMSUNG,SAMSUNG GALAXY A52s,DIFUZOR,50,150,,,,,,
,,,,,,,,,,
SAMSUNG,SAMSUNG GALAXY A70,DISPLAY,330,200,,,,,,
SAMSUNG,SAMSUNG GALAXY A70,BATERIE,150,150,,,,,,
SAMSUNG,SAMSUNG GALAXY A70,CARCASA,50,100,,,,,,
SAMSUNG,SAMSUNG GALAXY A70,MUFA DE INCARCARE,50,150,,,,,,
SAMSUNG,SAMSUNG GALAXY A70,DIFUZOR,50,150,,,,,,
,,,,,,,,,,
SAMSUNG,SAMSUNG GALAXY A71,DISPLAY,420,200,,,,,,
SAMSUNG,SAMSUNG GALAXY A71,BATERIE,150,150,,,,,,
SAMSUNG,SAMSUNG GALAXY A71,CARCASA,50,100,,,,,,
SAMSUNG,SAMSUNG GALAXY A71,MUFA DE INCARCARE,50,150,,,,,,
SAMSUNG,SAMSUNG GALAXY A71,DIFUZOR,50,150,,,,,,
,,,,,,,,,,
SAMSUNG,SAMSUNG GALAXY S20 FE,DISPLAY,400,200,,,,,,
SAMSUNG,SAMSUNG GALAXY S20 FE,BATERIE,150,150,,,,,,
SAMSUNG,SAMSUNG GALAXY S20 FE,CARCASA,50,100,,,,,,
SAMSUNG,SAMSUNG GALAXY S20 FE,MUFA DE INCARCARE,50,150,,,,,,
SAMSUNG,SAMSUNG GALAXY S20 FE,DIFUZOR,50,150,,,,,,
,,,,,,,,,,
SAMSUNG,SAMSUNG GALAXY S21 FE,DISPLAY,520,200,,,,,,
SAMSUNG,SAMSUNG GALAXY S21 FE,BATERIE,150,150,,,,,,
SAMSUNG,SAMSUNG GALAXY S21 FE,CARCASA,50,100,,,,,,
SAMSUNG,SAMSUNG GALAXY S21 FE,MUFA DE INCARCARE,50,150,,,,,,
SAMSUNG,SAMSUNG GALAXY S21 FE,DIFUZOR,50,150,,,,,,
,,,,,,,,,,
SAMSUNG,SAMSUNG GALAXY S23 FE,DISPLAY,450,200,,,,,,
SAMSUNG,SAMSUNG GALAXY S23 FE,BATERIE,150,150,,,,,,
SAMSUNG,SAMSUNG GALAXY S23 FE,CARCASA,50,100,,,,,,
SAMSUNG,SAMSUNG GALAXY S23 FE,MUFA DE INCARCARE,50,150,,,,,,
SAMSUNG,SAMSUNG GALAXY S23 FE,DIFUZOR,50,150,,,,,,
,,,,,,,,,,
SAMSUNG,SAMSUNG GALAXY S24 FE,DISPLAY,450,200,,,,,,
SAMSUNG,SAMSUNG GALAXY S24 FE,BATERIE,150,150,,,,,,
SAMSUNG,SAMSUNG GALAXY S24 FE,CARCASA,50,100,,,,,,
SAMSUNG,SAMSUNG GALAXY S24 FE,MUFA DE INCARCARE,50,150,,,,,,
SAMSUNG,SAMSUNG GALAXY S24 FE,DIFUZOR,50,150,,,,,,
,,,,,,,,,,
SAMSUNG,SAMSUNG GALAXY A22 5g,DISPLAY,170,200,,,,,,
SAMSUNG,SAMSUNG GALAXY A22 5g,BATERIE,150,150,,,,,,
SAMSUNG,SAMSUNG GALAXY A22 5g,CARCASA,50,100,,,,,,
SAMSUNG,SAMSUNG GALAXY A22 5g,MUFA DE INCARCARE,50,150,,,,,,
SAMSUNG,SAMSUNG GALAXY A22 5g,DIFUZOR,50,150,,,,,,
,,,,,,,,,,
SAMSUNG,SAMSUNG GALAXY S10e,DISPLAY,800,250,,,,,,
SAMSUNG,SAMSUNG GALAXY S10e,BATERIE,150,150,,,,,,
SAMSUNG,SAMSUNG GALAXY S10e,CARCASA,170,100,,,,,,
SAMSUNG,SAMSUNG GALAXY S10e,MUFA DE INCARCARE,50,250,,,,,,
SAMSUNG,SAMSUNG GALAXY S10e,DIFUZOR,80,250,,,,,,
,,,,,,,,,,
APPLE,IPHONE 12 mini,DISPLAY,250,250,,,,,,
APPLE,IPHONE 12 mini,BATERIE,400,250,,,,,,
APPLE,IPHONE 12 mini,CARCASA,400,250,,,,,,
APPLE,IPHONE 12 mini,MUFA DE INCARCARE,100,250,,,,,,
APPLE,IPHONE 12 mini,DIFUZOR,100,250,,,,,,
,,,,,,,,,,
APPLE,IPHONE 13 mini,DISPLAY,500,250,,,,,,
APPLE,IPHONE 13 mini,BATERIE,350,250,,,,,,
APPLE,IPHONE 13 mini,CARCASA,300,250,,,,,,
APPLE,IPHONE 13 mini,MUFA DE INCARCARE,100,250,,,,,,
APPLE,IPHONE 13 mini,DIFUZOR,100,250,,,,,,
,,,,,,,,,,
APPLE,IPHONE 16e,DISPLAY,1300,350,,,,,,
APPLE,IPHONE 16e,BATERIE,400,350,,,,,,
APPLE,IPHONE 16e,CARCASA,600,350,,,,,,
APPLE,IPHONE 16e,MUFA DE INCARCARE,100,350,,,,,,
APPLE,IPHONE 16e,DIFUZOR,100,350,,,,,,
SAMSUNG,SAMSUNG GALAXY Note 10,DISPLAY,970,200,,,,,,
SAMSUNG,SAMSUNG GALAXY Note 10,BATERIE,150,150,,,,,,
SAMSUNG,SAMSUNG GALAXY Note 10,CARCASA,150,100,,,,,,
SAMSUNG,SAMSUNG GALAXY Note 10,MUFA DE INCARCARE,50,150,,,,,,
SAMSUNG,SAMSUNG GALAXY Note 10,DIFUZOR,50,150,,,,,,
SAMSUNG,SAMSUNG GALAXY Note 10 Lite,DISPLAY,700,200,,,,,,
SAMSUNG,SAMSUNG GALAXY Note 10 Lite,BATERIE,150,150,,,,,,
SAMSUNG,SAMSUNG GALAXY Note 10 Lite,CARCASA,150,100,,,,,,
SAMSUNG,SAMSUNG GALAXY Note 10 Lite,MUFA DE INCARCARE,50,150,,,,,,
SAMSUNG,SAMSUNG GALAXY Note 10 Lite,DIFUZOR,50,150,,,,,,
SAMSUNG,SAMSUNG GALAXY Note 10 Plus,DISPLAY,1150,200,,,,,,
SAMSUNG,SAMSUNG GALAXY Note 10 Plus,BATERIE,150,150,,,,,,
SAMSUNG,SAMSUNG GALAXY Note 10 Plus,CARCASA,150,100,,,,,,
SAMSUNG,SAMSUNG GALAXY Note 10 Plus,MUFA DE INCARCARE,50,150,,,,,,
SAMSUNG,SAMSUNG GALAXY Note 10 Plus,DIFUZOR,50,150,,,,,,
SAMSUNG,SAMSUNG GALAXY Note 20,DISPLAY,900,200,,,,,,
SAMSUNG,SAMSUNG GALAXY Note 20,BATERIE,150,150,,,,,,
SAMSUNG,SAMSUNG GALAXY Note 20,CARCASA,150,100,,,,,,
SAMSUNG,SAMSUNG GALAXY Note 20,MUFA DE INCARCARE,50,150,,,,,,
SAMSUNG,SAMSUNG GALAXY Note 20,DIFUZOR,50,150,,,,,,
SAMSUNG,SAMSUNG GALAXY Note 20 Ultra,DISPLAY,1170,200,,,,,,
SAMSUNG,SAMSUNG GALAXY Note 20 Ultra,BATERIE,150,150,,,,,,
SAMSUNG,SAMSUNG GALAXY Note 20 Ultra,CARCASA,150,100,,,,,,
SAMSUNG,SAMSUNG GALAXY Note 20 Ultra,MUFA DE INCARCARE,50,150,,,,,,
SAMSUNG,SAMSUNG GALAXY Note 20 Ultra,DIFUZOR,50,150,,,,,,
,,,,,,,,,,
HONOR,90,DISPLAY,750,200,,,,,,
HONOR,90,BATERIE,100,150,,,,,,
HONOR,90,CARCASA,250,100,,,,,,
HONOR,90,MUFA DE INCARCARE,150,100,,,,,,
HONOR,90,DIFUZOR,150,100,,,,,,
,,,,,,,,,,
,,,,,,,,,,
HONOR ,90 LITE,DISPLAY,350,200,,,,,,
HONOR ,90 LITE,BATERIE,100,150,,,,,,
HONOR ,90 LITE,CARCASA,100,100,,,,,,
HONOR ,90 LITE,MUFA DE INCARCARE,100,100,,,,,,
HONOR ,90 LITE,DIFUZOR,100,100,,,,,,
,,,,,,,,,,
HONOR,90 SMART,DISPLAY,270,200,,,,,,
HONOR,90 SMART,BATERIE,100,150,,,,,,
HONOR,90 SMART,CARCASA,100,100,,,,,,
HONOR,90 SMART,MUFA DE INCARCARE,50,100,,,,,,
HONOR,90 SMART,DIFUZOR,50,100,,,,,,
,,,,,,,,,,
HONOR,200,DISPLAY,700,200,,,,,,
HONOR,200,BATERIE,100,150,,,,,,
HONOR,200,CARCASA,250,100,,,,,,
HONOR,200,MUFA DE INCARCARE,100,100,,,,,,
HONOR,200,DIFUZOR,100,100,,,,,,
,,,,,,,,,,
HONOR,200 PRO,DISPLAY,800,200,,,,,,
HONOR,200 PRO,BATERIE,100,150,,,,,,
HONOR,200 PRO,CARCASA,250,100,,,,,,
HONOR,200 PRO,MUFA DE INCARCARE,100,100,,,,,,
HONOR,200 PRO,DIFUZOR,100,100,,,,,,
,,,,,,,,,,
HONOR,200 LITE,DISPLAY,350,200,,,,,,
HONOR,200 LITE,BATERIE,100,150,,,,,,
HONOR,200 LITE,CARCASA,250,100,,,,,,
HONOR,200 LITE,MUFA DE INCARCARE,100,100,,,,,,
HONOR,200 LITE,DIFUZOR,100,100,,,,,,
,,,,,,,,,,
HONOR,400,DISPLAY,400,200,,,,,,
HONOR,400,BATERIE,100,150,,,,,,
HONOR,400,CARCASA,250,100,,,,,,
HONOR,400,MUFA DE INCARCARE,100,100,,,,,,
HONOR,400,DIFUZOR,100,100,,,,,,
,,,,,,,,,,
HONOR,400 PRO,DISPLAY,600,200,,,,,,
HONOR,400 PRO,BATERIE,100,150,,,,,,
HONOR,400 PRO,CARCASA,250,100,,,,,,
HONOR,400 PRO,MUFA DE INCARCARE,150,100,,,,,,
HONOR,400 PRO,DIFUZOR,150,100,,,,,,
,,,,,,,,,,
HONOR,400 LITE,DISPLAY,250,200,,,,,,
HONOR,400 LITE,BATERIE,100,150,,,,,,
HONOR,400 LITE,CARCASA,250,100,,,,,,
HONOR,400 LITE,MUFA DE INCARCARE,100,100,,,,,,
HONOR,400 LITE,DIFUZOR,100,100,,,,,,
,,,,,,,,,,
HONOR,MAGIC 6 LITE,DISPLAY,370,200,,,,,,
HONOR,MAGIC 6 LITE,BATERIE,100,150,,,,,,
HONOR,MAGIC 6 LITE,CARCASA,250,100,,,,,,
HONOR,MAGIC 6 LITE,MUFA DE INCARCARE,100,100,,,,,,
HONOR,MAGIC 6 LITE,DIFUZOR,100,100,,,,,,
,,,,,,,,,,
HONOR,MAGIC 6 PRO,DISPLAY,1400,200,,,,,,
HONOR,MAGIC 6 PRO,BATERIE,100,150,,,,,,
HONOR,MAGIC 6 PRO,CARCASA,250,100,,,,,,
HONOR,MAGIC 6 PRO,MUFA DE INCARCARE,150,100,,,,,,
HONOR,MAGIC 6 PRO,DIFUZOR,150,100,,,,,,
,,,,,,,,,,
HONOR,MAGIC 7 LITE,DISPLAY,390,200,,,,,,
HONOR,MAGIC 7 LITE,BATERIE,100,150,,,,,,
HONOR,MAGIC 7 LITE,CARCASA,250,100,,,,,,
HONOR,MAGIC 7 LITE,MUFA DE INCARCARE,100,100,,,,,,
HONOR,MAGIC 7 LITE,DIFUZOR,100,100,,,,,,
,,,,,,,,,,
HONOR,MAGIC 7 PRO,DISPLAY,1200,200,,,,,,
HONOR,MAGIC 7 PRO,BATERIE,100,150,,,,,,
HONOR,MAGIC 7 PRO,CARCASA,250,100,,,,,,
HONOR,MAGIC 7 PRO,MUFA DE INCARCARE,150,100,,,,,,
HONOR,MAGIC 7 PRO,DIFUZOR,150,100,,,,,,
,,,,,,,,,,
MOTOROLA ,EDGE 30,DISPLAY,330,200,,,,,,
MOTOROLA ,EDGE 30,BATERIE,100,150,,,,,,
MOTOROLA ,EDGE 30,CARCASA,250,100,,,,,,
MOTOROLA ,EDGE 30,MUFA DE INCARCARE,150,100,,,,,,
MOTOROLA ,EDGE 30,DIFUZOR,150,100,,,,,,
,,,,,,,,,,
MOTOROLA ,EDGE 30 PRO,DISPLAY,380,200,,,,,,
MOTOROLA ,EDGE 30 PRO,BATERIE,100,150,,,,,,
MOTOROLA ,EDGE 30 PRO,CARCASA,250,100,,,,,,
MOTOROLA ,EDGE 30 PRO,MUFA DE INCARCARE,150,100,,,,,,
MOTOROLA ,EDGE 30 PRO,DIFUZOR,150,100,,,,,,
,,,,,,,,,,
MOTOROLA ,EDGE 30 NEO,DISPLAY,370,200,,,,,,
MOTOROLA ,EDGE 30 NEO,BATERIE,100,150,,,,,,
MOTOROLA ,EDGE 30 NEO,CARCASA,250,100,,,,,,
MOTOROLA ,EDGE 30 NEO,MUFA DE INCARCARE,150,100,,,,,,
MOTOROLA ,EDGE 30 NEO,DIFUZOR,150,100,,,,,,
,,,,,,,,,,
MOTOROLA ,EDGE 30 FUSION,DISPLAY,460,200,,,,,,
MOTOROLA ,EDGE 30 FUSION,BATERIE,100,150,,,,,,
MOTOROLA ,EDGE 30 FUSION,CARCASA,250,100,,,,,,
MOTOROLA ,EDGE 30 FUSION,MUFA DE INCARCARE,150,100,,,,,,
MOTOROLA ,EDGE 30 FUSION,DIFUZOR,150,100,,,,,,
,,,,,,,,,,
MOTOROLA ,EDGE 40,DISPLAY,370,200,,,,,,
MOTOROLA ,EDGE 40,BATERIE,100,150,,,,,,
MOTOROLA ,EDGE 40,CARCASA,250,100,,,,,,
MOTOROLA ,EDGE 40,MUFA DE INCARCARE,150,100,,,,,,
MOTOROLA ,EDGE 40,DIFUZOR,150,100,,,,,,
,,,,,,,,,,
MOTOROLA ,EDGE 40 PRO,DISPLAY,550,200,,,,,,
MOTOROLA ,EDGE 40 PRO,BATERIE,100,150,,,,,,
MOTOROLA ,EDGE 40 PRO,CARCASA,250,100,,,,,,
MOTOROLA ,EDGE 40 PRO,MUFA DE INCARCARE,150,100,,,,,,
MOTOROLA ,EDGE 40 PRO,DIFUZOR,150,100,,,,,,
,,,,,,,,,,
MOTOROLA ,EDGE 40 NEO,DISPLAY,320,200,,,,,,
MOTOROLA ,EDGE 40 NEO,BATERIE,100,150,,,,,,
MOTOROLA ,EDGE 40 NEO,CARCASA,250,100,,,,,,
MOTOROLA ,EDGE 40 NEO,MUFA DE INCARCARE,150,100,,,,,,200
MOTOROLA ,EDGE 40 NEO,DIFUZOR,150,100,,,,,,
,,,,,,,,,,
MOTOROLA ,EDGE 50,DISPLAY,400,200,,,,,,
MOTOROLA ,EDGE 50,BATERIE,150,150,,,,,,
MOTOROLA ,EDGE 50,CARCASA,250,100,,,,,,
MOTOROLA ,EDGE 50,MUFA DE INCARCARE,200,100,,,,,,
MOTOROLA ,EDGE 50,DIFUZOR,200,100,,,,,,
,,,,,,,,,,
MOTOROLA ,EDGE 50 PRO,DISPLAY,400,200,,,,,,
MOTOROLA ,EDGE 50 PRO,BATERIE,150,150,,,,,,
MOTOROLA ,EDGE 50 PRO,CARCASA,250,100,,,,,,
MOTOROLA ,EDGE 50 PRO,MUFA DE INCARCARE,200,100,,,,,,
MOTOROLA ,EDGE 50 PRO,DIFUZOR,200,100,,,,,,
,,,,,,,,,,
MOTOROLA ,EDGE 50 NEO,DISPLAY,380,200,,,,,,
MOTOROLA ,EDGE 50 NEO,BATERIE,150,150,,,,,,
MOTOROLA ,EDGE 50 NEO,CARCASA,250,100,,,,,,
MOTOROLA ,EDGE 50 NEO,MUFA DE INCARCARE,200,100,,,,,,
MOTOROLA ,EDGE 50 NEO,DIFUZOR,200,100,,,,,,
,,,,,,,,,,
MOTOROLA ,EDGE 50 FUSION,DISPLAY,270,200,,,,,,
MOTOROLA ,EDGE 50 FUSION,BATERIE,150,150,,,,,,
MOTOROLA ,EDGE 50 FUSION,CARCASA,250,100,,,,,,
MOTOROLA ,EDGE 50 FUSION,MUFA DE INCARCARE,200,100,,,,,,
MOTOROLA ,EDGE 50 FUSION,DIFUZOR,200,100,,,,,,
,,,,,,,,,,
MOTOROLA ,EDGE 50 ULTRA,DISPLAY,450,200,,,,,,
MOTOROLA ,EDGE 50 ULTRA,BATERIE,150,150,,,,,,
MOTOROLA ,EDGE 50 ULTRA,CARCASA,250,100,,,,,,
MOTOROLA ,EDGE 50 ULTRA,MUFA DE INCARCARE,200,100,,,,,,
MOTOROLA ,EDGE 50 ULTRA,DIFUZOR,200,100,,,,,,
,,,,,,,,,,
MOTOROLA ,EDGE 60,DISPLAY,280,200,,,,,,
MOTOROLA ,EDGE 60,BATERIE,150,150,,,,,,
MOTOROLA ,EDGE 60,CARCASA,250,100,,,,,,
MOTOROLA ,EDGE 60,MUFA DE INCARCARE,200,100,,,,,,
MOTOROLA ,EDGE 60,DIFUZOR,200,100,,,,,,
,,,,,,,,,,
MOTOROLA ,EDGE 60 PRO,DISPLAY,300,200,,,,,,
MOTOROLA ,EDGE 60 PRO,BATERIE,150,150,,,,,,
MOTOROLA ,EDGE 60 PRO,CARCASA,250,100,,,,,,
MOTOROLA ,EDGE 60 PRO,MUFA DE INCARCARE,200,100,,,,,,
MOTOROLA ,EDGE 60 PRO,DIFUZOR,200,100,,,,,,
,,,,,,,,,,
,,,,,,,,,,
MOTOROLA ,EDGE 60 FUSION,DISPLAY,300,200,,,,,,
MOTOROLA ,EDGE 60 FUSION,BATERIE,150,150,,,,,,
MOTOROLA ,EDGE 60 FUSION,CARCASA,250,100,,,,,,
MOTOROLA ,EDGE 60 FUSION,MUFA DE INCARCARE,200,100,,,,,,
MOTOROLA ,EDGE 60 FUSION,DIFUZOR,200,100,,,,,,
,,,,,,,,,,
XIAOMI,REDMI NOTE 12,DISPLAY,350,200,,,,,,
XIAOMI,REDMI NOTE 12,BATERIE,150,150,,,,,,
XIAOMI,REDMI NOTE 12,CARCASA,100,100,,,,,,
XIAOMI,REDMI NOTE 12,MUFA DE INCARCARE,100,100,,,,,,
XIAOMI,REDMI NOTE 12,DIFUZOR,100,100,,,,,,
,,,,,,,,,,
XIAOMI,REDMI NOTE 12 PRO,DISPLAY,350,200,,,,,,
XIAOMI,REDMI NOTE 12 PRO,BATERIE,150,150,,,,,,
XIAOMI,REDMI NOTE 12 PRO,CARCASA,100,100,,,,,,
XIAOMI,REDMI NOTE 12 PRO,MUFA DE INCARCARE,100,100,,,,,,
XIAOMI,REDMI NOTE 12 PRO,DIFUZOR,100,100,,,,,,
,,,,,,,,,,
XIAOMI,REDMI NOTE 12 PRO PLUS,DISPLAY,350,200,,,,,,
XIAOMI,REDMI NOTE 12 PRO PLUS,BATERIE,150,150,,,,,,
XIAOMI,REDMI NOTE 12 PRO PLUS,CARCASA,100,100,,,,,,
XIAOMI,REDMI NOTE 12 PRO PLUS,MUFA DE INCARCARE,100,100,,,,,,
XIAOMI,REDMI NOTE 12 PRO PLUS,DIFUZOR,100,100,,,,,,
,,,,,,,,,,
XIAOMI,REDMI NOTE 12S,DISPLAY,350,200,,,,,,
XIAOMI,REDMI NOTE 12S,BATERIE,150,150,,,,,,
XIAOMI,REDMI NOTE 12S,CARCASA,100,100,,,,,,
XIAOMI,REDMI NOTE 12S,MUFA DE INCARCARE,100,100,,,,,,
XIAOMI,REDMI NOTE 12S,DIFUZOR,100,100,,,,,,
,,,,,,,,,,
XIAOMI,REDMI NOTE 13,DISPLAY,350,200,,,,,,
XIAOMI,REDMI NOTE 13,BATERIE,150,150,,,,,,
XIAOMI,REDMI NOTE 13,CARCASA,150,100,,,,,,
XIAOMI,REDMI NOTE 13,MUFA DE INCARCARE,150,100,,,,,,
XIAOMI,REDMI NOTE 13,DIFUZOR,150,100,,,,,,
,,,,,,,,,,
XIAOMI,REDMI NOTE 13 PRO,DISPLAY,450,200,,,,,,
XIAOMI,REDMI NOTE 13 PRO,BATERIE,150,150,,,,,,
XIAOMI,REDMI NOTE 13 PRO,CARCASA,150,100,,,,,,
XIAOMI,REDMI NOTE 13 PRO,MUFA DE INCARCARE,150,100,,,,,,
XIAOMI,REDMI NOTE 13 PRO,DIFUZOR,150,100,,,,,,
,,,,,,,,,,
XIAOMI,REDMI NOTE 13 PRO PLUS,DISPLAY,420,200,,,,,,
XIAOMI,REDMI NOTE 13 PRO PLUS,BATERIE,150,150,,,,,,
XIAOMI,REDMI NOTE 13 PRO PLUS,CARCASA,150,100,,,,,,
XIAOMI,REDMI NOTE 13 PRO PLUS,MUFA DE INCARCARE,150,100,,,,,,
XIAOMI,REDMI NOTE 13 PRO PLUS,DIFUZOR,150,100,,,,,,
,,,,,,,,,,
XIAOMI,REDMI NOTE 14,DISPLAY,300,200,,,,,,
XIAOMI,REDMI NOTE 14,BATERIE,150,150,,,,,,
XIAOMI,REDMI NOTE 14,CARCASA,150,100,,,,,,
XIAOMI,REDMI NOTE 14,MUFA DE INCARCARE,150,100,,,,,,
XIAOMI,REDMI NOTE 14,DIFUZOR,150,100,,,,,,
,,,,,,,,,,
XIAOMI,REDMI NOTE 14 PRO,DISPLAY,450,200,,,,,,
XIAOMI,REDMI NOTE 14 PRO,BATERIE,150,150,,,,,,
XIAOMI,REDMI NOTE 14 PRO,CARCASA,150,100,,,,,,
XIAOMI,REDMI NOTE 14 PRO,MUFA DE INCARCARE,150,100,,,,,,
XIAOMI,REDMI NOTE 14 PRO,DIFUZOR,150,100,,,,,,
,,,,,,,,,,
XIAOMI,REDMI NOTE 14 PRO PLUS,DISPLAY,450,200,,,,,,
XIAOMI,REDMI NOTE 14 PRO PLUS,BATERIE,150,150,,,,,,
XIAOMI,REDMI NOTE 14 PRO PLUS,CARCASA,150,100,,,,,,
XIAOMI,REDMI NOTE 14 PRO PLUS,MUFA DE INCARCARE,150,100,,,,,,
XIAOMI,REDMI NOTE 14 PRO PLUS,DIFUZOR,150,100,,,,,,